group,time_hour,cell_viability_percent,fold_change,sGAG_total_ug,percent_diff
config_scaffold_High,24,96.5862,,,0
config_scaffold_High,24,96.43863364,,,0
config_scaffold_High,24,95.6424952,,,0
config_scaffold_High,24,95.49515764,,,0
config_scaffold_High,168,92.568,,36.910486,4
config_scaffold_High,168,95.03853028,,52.974298,4
config_scaffold_High,168,96.16470153,,55.784832,4
config_scaffold_High,168,95.72262677,,34.443236,4
config_scaffold_High,336,90.85275,,102.112913,20
config_scaffold_High,336,97.85457817,,13.49356,20
config_scaffold_High,336,97.00218679,,47.591226,20
config_scaffold_High,336,95.84999672,,59.171751,20
config_scaffold_High,504,91.66275,1.015030913,111.881318,48.66892655
config_scaffold_High,504,97.14080619,1.015030913,94.673623,48.66892655
config_scaffold_High,504,95.30938846,1.015030913,37.098743,48.66892655
config_scaffold_High,504,95.61979872,1.015030913,41.279605,48.66892655
config_scaffold_Low,24,98.9224,,,0
config_scaffold_Low,24,98.8230713,,,0
config_scaffold_Low,24,98.8264076,,,0
config_scaffold_Low,24,98.60658068,,,0
config_scaffold_Low,168,98.59475,,87.219384,10
config_scaffold_Low,168,97.24960046,,51.62441,10
config_scaffold_Low,168,97.44639094,,136.198143,10
config_scaffold_Low,168,97.33258233,,52.128441,10
config_scaffold_Low,336,98.63325,,130.797968,40
config_scaffold_Low,336,98.82636418,,97.471434,40
config_scaffold_Low,336,98.8155163,,90.610594,40
config_scaffold_Low,336,98.81744819,,84.868223,40
config_scaffold_Low,504,98.901,1.014578266,131.419182,80
config_scaffold_Low,504,98.83701365,1.014578266,131.088645,80
config_scaffold_Low,504,99.46440093,1.014578266,99.957115,80
config_scaffold_Low,504,99.2843118,1.014578266,100.928919,80
